url,scheme,has_https,url_length,hostname_length,path_length,query_length,count_dots,count_slash,count_at,count_dash,count_underscore,count_equals,count_digits,num_subdomains,has_ip,uses_shortner,has_suspicious_word,num_path_tokens,long_hostname,many_digits,label
http://www.postunapeous.digital/,http,0,32,24,1,0,2,3,0,0,0,0,0,1,0,0,0,0,0,0,1
https://rbfcu-star.azurewebsites.net/(S(irmotmf2tjofk5j2nqfgjfbu))/Main/Login,https,1,77,28,41,0,2,5,0,1,0,0,3,1,0,0,1,3,0,0,1
https://3651234.com/index.html,https,1,30,11,11,0,2,3,0,0,0,0,7,0,0,0,0,1,0,1,1
https://rbfcu-star.azurewebsites.net/(S(t1j1esfvp0bmp0fesqe5gdca))/Main/Login,https,1,77,28,41,0,2,5,0,1,0,0,5,1,0,0,1,3,0,0,1
https://rbfcu-star.azurewebsites.net/(S(opwwbgcrbnkmtkngfgrtmew3))/Main/Login,https,1,77,28,41,0,2,5,0,1,0,0,1,1,0,0,1,3,0,0,1
https://rbfcu-star.azurewebsites.net/(S(anqrfgtcrnuu4ljqw5efwcup))/Main/Login,https,1,77,28,41,0,2,5,0,1,0,0,2,1,0,0,1,3,0,0,1
https://fidelity-account.com/fidelity/code.html,https,1,47,20,19,0,2,4,0,1,0,0,0,0,0,1,1,2,0,0,1
https://rbfcu-star.azurewebsites.net/(S(v1j1lmxeg0jesrz4jd2zgxuh))/Main/Login,https,1,77,28,41,0,2,5,0,1,0,0,5,1,0,0,1,3,0,0,1
https://www.instagram-clone-topaz-two.vercel.app/,https,1,49,40,1,0,3,3,0,3,0,0,0,2,0,0,0,0,1,0,1
https://rbfcu-star.azurewebsites.net/(S(cpzamjnxocid5ujaljnkxqmz))/Main/Login,https,1,77,28,41,0,2,5,0,1,0,0,1,1,0,0,1,3,0,0,1
https://rbfcu-star.azurewebsites.net/(S(yqdqb34tzs53hn1qo4s5ivsq))/Main/Login,https,1,77,28,41,0,2,5,0,1,0,0,7,1,0,0,1,3,0,1,1
https://www.usmeta-maskloogn.godaddysites.com/,https,1,46,37,1,0,3,3,0,1,0,0,0,2,0,0,0,0,1,0,1
http://campaign-data-tracking-hub-5rj.pages.dev/welcome_to_meta_for_business,http,0,76,40,29,0,2,3,0,4,4,0,1,1,0,0,0,1,1,0,1
https://kucoin_lo_guin.godaddysites.com/,https,1,40,31,1,0,2,3,0,0,2,0,0,1,0,0,0,0,1,0,1
https://fidelityworkplaceaw.shop/address,https,1,40,24,8,0,1,3,0,0,0,0,0,0,0,0,0,1,0,0,1
http://instagram-login-page-clone.vercel.app/,http,0,45,37,1,0,2,3,0,3,0,0,0,1,0,0,1,0,1,0,1
http://www.rbx025k.blogspot.com.es/,http,0,35,27,1,0,4,3,0,0,0,0,3,2,0,1,0,0,0,0,1
https://meta-krylok-vornyx-draxil.pages.dev/,https,1,44,35,1,0,2,3,0,3,0,0,0,1,0,0,0,0,1,0,1
https://workhomeseller.com/m/user/message/,https,1,42,18,16,0,1,6,0,0,0,0,0,0,0,0,0,3,0,0,1
https://vpass-jp.rswhy.cn/,https,1,26,17,1,0,2,3,0,1,0,0,0,1,0,0,0,0,0,0,1
https://argovts.com/jvkxnzy/bktoa1v/lixqjwk/tmp/wks.html,https,1,56,11,37,0,2,7,0,0,0,0,1,0,0,0,0,5,0,0,1
https://dpd-ptszrn.cfd/,https,1,23,14,1,0,1,3,0,1,0,0,0,0,0,0,0,0,0,0,1
https://vpass-jp.xanwu.cn/,https,1,26,17,1,0,2,3,0,1,0,0,0,1,0,0,0,0,0,0,1
https://rbfcu-star.azurewebsites.net/(S(gq4sgpyxp5pxohohdoquq2ef))/Main/Login,https,1,77,28,41,0,2,5,0,1,0,0,3,1,0,0,1,3,0,0,1
http://fideliltyasdcvice.click/plan/,http,0,36,23,6,0,1,4,0,0,0,0,0,0,0,0,0,1,0,0,1
https://www.tiktokzgsc.shop/,https,1,28,19,1,0,2,3,0,0,0,0,0,1,0,0,0,0,0,0,1
https://post-ch.s1receive.world/get/218077350,https,1,45,23,14,0,2,4,0,1,0,0,10,1,0,0,0,2,0,1,1
https://rbfcu-star.azurewebsites.net/(S(0ozh1dfr0sfm100lnqjrex1e))/Main/Login,https,1,77,28,41,0,2,5,0,1,0,0,7,1,0,0,1,3,0,1,1
https://rbfcu-star.azurewebsites.net/(S(bqcolfr2anwmwgtflgwzoogt))/Main/Login,https,1,77,28,41,0,2,5,0,1,0,0,1,1,0,0,1,3,0,0,1
https://dub.sh/YeuaJjYEAE,https,1,25,6,11,0,1,3,0,0,0,0,0,0,0,0,0,1,0,0,1
https://allegrolokalnie.162722.click/?id=eJGiFi1jBHC5IENdm03F5c9Bh00NF5,https,1,71,28,1,33,2,3,0,0,0,1,15,1,0,0,0,0,0,1,1
https://www.tiktoknbsjb.shop/,https,1,29,20,1,0,2,3,0,0,0,0,0,1,0,0,0,0,0,0,1
https://alameenayoola4-cpu.github.io/-Clone-Facebook-login-page/,https,1,64,28,28,0,2,4,0,5,0,0,1,1,0,0,1,1,0,0,1
http://instagram-clone-lime.vercel.app/,http,0,39,31,1,0,2,3,0,2,0,0,0,1,0,0,0,0,1,0,1
https://rbfcu-star.azurewebsites.net/(S(anfmjrkwgksvusfackjjlzry))/Main/Login,https,1,77,28,41,0,2,5,0,1,0,0,0,1,0,0,1,3,0,0,1
https://valiant-core-1l4.pages.dev/,https,1,35,26,1,0,2,3,0,2,0,0,2,1,0,0,0,0,0,0,1
https://rbfcu-star.azurewebsites.net/(S(3jgxslowyyk1qmosajjqnuva))/Main/Login,https,1,77,28,41,0,2,5,0,1,0,0,2,1,0,0,1,3,0,0,1
https://toesetaocioa.com/page/,https,1,30,16,6,0,1,4,0,0,0,0,0,0,0,0,0,1,0,0,1
http://aether-wall.pages.dev/,http,0,29,21,1,0,2,3,0,1,0,0,0,1,0,0,0,0,0,0,1
http://core-log-private-tracker.pages.dev/welcome_to_meta_for_business,http,0,70,34,29,0,2,3,0,3,4,0,0,1,0,0,0,1,1,0,1
http://impressionsofayan.com/wp-includes/caaaapeee.html,http,0,55,21,27,0,2,4,0,1,0,0,0,0,0,0,0,2,0,0,1
https://rbfcu-star.azurewebsites.net/(S(cmewwdnhxq53ghbf4nwftxr2))/Main/Login,https,1,77,28,41,0,2,5,0,1,0,0,4,1,0,0,1,3,0,0,1
http://creative-backgrounds-489117.framer.app/,http,0,46,38,1,0,2,3,0,2,0,0,6,1,0,0,0,0,1,1,1
https://rkluxee.com/index2.php,https,1,30,11,11,0,2,3,0,0,0,0,1,0,0,0,0,1,0,0,1
https://rbfcu-star.azurewebsites.net/(S(3ojsml3lsvgclajoybh5dcsq))/Main/Login,https,1,77,28,41,0,2,5,0,1,0,0,3,1,0,0,1,3,0,0,1
https://event.business-agency-register.com/,https,1,43,34,1,0,2,3,0,2,0,0,0,1,0,0,0,0,1,0,1
https://alkjglkr.xin/,https,1,21,12,1,0,1,3,0,0,0,0,0,0,0,0,0,0,0,0,1
https://rbfcu-star.azurewebsites.net/(S(wbxrlr0z21odiscj43l32pif))/Main/Login,https,1,77,28,41,0,2,5,0,1,0,0,7,1,0,0,1,3,0,1,1
https://booking-checkinarrivale3.com/QN5A2QHL,https,1,45,28,9,0,1,3,0,1,0,0,3,0,0,0,0,1,0,0,1
https://rbfcu-star.azurewebsites.net/(S(ez5fqrrli3cs0aputa4gqluc))/Main/Login,https,1,77,28,41,0,2,5,0,1,0,0,4,1,0,0,1,3,0,0,1
https://rbfcu-star.azurewebsites.net/(S(eij5a1hp5hk5g5poxictduhb))/Main/Login,https,1,77,28,41,0,2,5,0,1,0,0,5,1,0,0,1,3,0,0,1
https://post.completion109.com/,https,1,31,22,1,0,2,3,0,0,0,0,3,1,0,1,0,0,0,0,1
https://rbfcu-star.azurewebsites.net/(S(gu2cthlzq3bxu0bt450q2rrr))/Main/Login,https,1,77,28,41,0,2,5,0,1,0,0,7,1,0,0,1,3,0,1,1
https://rbfcu-star.azurewebsites.net/(S(c2yca4go3a0lk1iz3bpd2zdz))/Main/Login,https,1,77,28,41,0,2,5,0,1,0,0,7,1,0,0,1,3,0,1,1
https://rbfcu-star.azurewebsites.net/(S(cgjqglz5eepwaozkwic0szkw))/Main/Login,https,1,77,28,41,0,2,5,0,1,0,0,2,1,0,0,1,3,0,0,1
https://rbfcu-star.azurewebsites.net/(S(bt0qld2xzy2elyh0jpb5whdf))/Main/Login,https,1,77,28,41,0,2,5,0,1,0,0,5,1,0,0,1,3,0,0,1
https://rbfcu-star.azurewebsites.net/(S(swktmgxedqggvi5kqkf5jugp))/Main/Login,https,1,77,28,41,0,2,5,0,1,0,0,2,1,0,0,1,3,0,0,1
https://www.ledgerapp.vip/,https,1,26,17,1,0,2,3,0,0,0,0,0,1,0,0,0,0,0,0,1
https://rbfcu-star.azurewebsites.net/(S(1m4adlboiol5dgfqf3u0wngw))/Main/Login,https,1,77,28,41,0,2,5,0,1,0,0,5,1,0,0,1,3,0,0,1
https://meta-falrox-gyrnox-mevral.pages.dev/,https,1,44,35,1,0,2,3,0,3,0,0,0,1,0,0,0,0,1,0,1
https://shaarifshaikh25.github.io/Amazon-Clone/,https,1,47,25,14,0,2,4,0,1,0,0,2,1,0,0,0,1,0,0,1
http://dpd-ptsrti.cfd/,http,0,22,14,1,0,1,3,0,1,0,0,0,0,0,0,0,0,0,0,1
https://rbfcu-star.azurewebsites.net/(S(pku2tcixuhb0jiaadyzclxv4))/Main/Login,https,1,77,28,41,0,2,5,0,1,0,0,3,1,0,0,1,3,0,0,1
https://kunal119911.github.io/Netflix-Clone-Project-/,https,1,53,21,24,0,2,4,0,3,0,0,6,1,0,0,0,1,0,1,1
https://rbfcu-star.azurewebsites.net/(S(40421lijq1n2hxntakd5ebgc))/Main/Login,https,1,77,28,41,0,2,5,0,1,0,0,8,1,0,0,1,3,0,1,1
https://advertiser-business-network-moderation-harassment.pages.dev/form_submit,https,1,79,59,12,0,2,3,0,4,1,0,0,1,0,0,0,1,1,0,1
https://rbfcu-star.azurewebsites.net/(S(escrw2sg3govy5giopne3fcg))/Main/Login,https,1,77,28,41,0,2,5,0,1,0,0,4,1,0,0,1,3,0,0,1
https://mybdopersonal.deallocate-device.workers.dev/bdo-form/zEytMhGacNB5Bm0eVhYO5gqmm9WbNKXmeZMdEy2ue4/,https,1,104,43,53,0,3,5,0,2,0,0,6,2,0,0,0,2,1,1,1
https://rbfcu-star.azurewebsites.net/(S(pivivix4auvfmpayho2l4ppc))/Main/Login,https,1,77,28,41,0,2,5,0,1,0,0,3,1,0,0,1,3,0,0,1
https://dpd-ptsrtc.cfd/,https,1,23,14,1,0,1,3,0,1,0,0,0,0,0,0,0,0,0,0,1
https://rbfcu-star.azurewebsites.net/(S(ctxaqyno5canbkhgeryauv54))/Main/Login,https,1,77,28,41,0,2,5,0,1,0,0,3,1,0,0,1,3,0,0,1
https://rbfcu-star.azurewebsites.net/(S(vncvtst32r1eyxsjl3sh0dhj))/Main/Login,https,1,77,28,41,0,2,5,0,1,0,0,5,1,0,0,1,3,0,0,1
http://meta-patchcore.pages.dev/,http,0,32,24,1,0,2,3,0,1,0,0,0,1,0,0,0,0,0,0,1
http://campaign-tracking-review-center.pages.dev/welcome_to_meta_for_business,http,0,77,41,29,0,2,3,0,3,4,0,0,1,0,0,0,1,1,0,1
https://rbfcu-star.azurewebsites.net/(S(qnr5qrgkttpzall4t34dk1lc))/Main/Login,https,1,77,28,41,0,2,5,0,1,0,0,5,1,0,0,1,3,0,0,1
https://rahul-rb-frontend.github.io/demo1,https,1,41,27,6,0,2,3,0,2,0,0,1,1,0,0,0,1,0,0,1
https://emoniteringc.top/,https,1,25,16,1,0,1,3,0,0,0,0,0,0,0,0,0,0,0,0,1
https://vpass-jp.nlxxa.cn/,https,1,26,17,1,0,2,3,0,1,0,0,0,1,0,0,0,0,0,0,1
https://theprotikraj.github.io/amazonclonewebsite.com/,https,1,54,22,24,0,3,4,0,0,0,0,0,1,0,0,0,1,0,0,1
https://www.roserunkh.com/o5wAjD0gCEquW3j8aDSPtiUskigS73CW6ZH5rViThyhlI6zsA-2k1FoCurjrWjA58cMU2VfiPXOJN6vJeBoQbw~~,https,1,114,17,89,0,2,3,0,1,0,0,15,1,0,0,0,1,0,1,1
https://kron-meta-vram.pages.dev/,https,1,33,24,1,0,2,3,0,2,0,0,0,1,0,0,0,0,0,0,1
https://rbfcu-star.azurewebsites.net/(S(phrszfc1kdeid5ma1gfi4zcg))/Main/Login,https,1,77,28,41,0,2,5,0,1,0,0,4,1,0,0,1,3,0,0,1
https://data-center-dispute-takedown.pages.dev/,https,1,47,38,1,0,2,3,0,3,0,0,0,1,0,0,0,0,1,0,1
https://rbfcu-star.azurewebsites.net/(S(uq0vofy1k1db3fditbu51gbo))/Main/Login,https,1,77,28,41,0,2,5,0,1,0,0,6,1,0,0,1,3,0,1,1
http://login-coenbase-io.framer.ai/,http,0,35,27,1,0,2,3,0,2,0,0,0,1,0,0,1,0,0,0,1
https://dava-dosyalarim.com/giris.php,https,1,37,19,10,0,2,3,0,1,0,0,0,0,0,0,0,1,0,0,1
http://xfh4ukygyngxvx2.duckdns.org/en/main,http,0,42,27,8,0,2,4,0,0,0,0,2,1,0,0,0,2,0,0,1
https://rbfcu-star.azurewebsites.net/(S(hfnx4bds43mmruxmozxio2w2))/Main/Login,https,1,77,28,41,0,2,5,0,1,0,0,5,1,0,0,1,3,0,0,1
https://rishan1011.github.io/netflix-website-clone/,https,1,51,20,23,0,2,4,0,2,0,0,4,1,0,0,0,1,0,0,1
https://rbfcu-star.azurewebsites.net/(S(er4c2ijh0wcgsiv0j2nkadpq))/Main/Login,https,1,77,28,41,0,2,5,0,1,0,0,5,1,0,0,1,3,0,0,1
https://theprotikraj.github.io/amazonclonewebsite.com,https,1,53,22,23,0,3,3,0,0,0,0,0,1,0,0,0,1,0,0,1
http://rbx025k.blogspot.dk/,http,0,27,19,1,0,2,3,0,0,0,0,3,1,0,0,0,0,0,0,1
https://rbfcu-star.azurewebsites.net/(S(qdznx2veg4ilrywhvckicylf))/Main/Login,https,1,77,28,41,0,2,5,0,1,0,0,2,1,0,0,1,3,0,0,1
https://rbfcu-star.azurewebsites.net/(S(2pilf2yh5bwqhxusncga5bib))/Main/Login,https,1,77,28,41,0,2,5,0,1,0,0,4,1,0,0,1,3,0,0,1
https://rbfcu-star.azurewebsites.net/(S(2iu1j52rjq1mltma35gxmdc1))/Main/Login,https,1,77,28,41,0,2,5,0,1,0,0,8,1,0,0,1,3,0,1,1
https://meta-sygnok-kralyx-havlon.pages.dev/,https,1,44,35,1,0,2,3,0,3,0,0,0,1,0,0,0,0,1,0,1
https://thedigitalnomadblog.com/wp-content/mexi.html,https,1,52,23,21,0,2,4,0,1,0,0,0,0,0,0,0,2,0,0,1
https://booking.truth-verifi6600952.com/LJJCLBDI/,https,1,49,31,10,0,2,4,0,1,0,0,7,1,0,0,0,1,1,1,1
https://rbfcu-star.azurewebsites.net/(S(ey4zxdxwlltuy4aiho4rse55))/Main/Login,https,1,77,28,41,0,2,5,0,1,0,0,5,1,0,0,1,3,0,0,1
https://rbfcu-star.azurewebsites.net/(S(uscjl03r1y4iqzznz1fek20i))/Main/Login,https,1,77,28,41,0,2,5,0,1,0,0,7,1,0,0,1,3,0,1,1
http://amber-trace.pages.dev/,http,0,29,21,1,0,2,3,0,1,0,0,0,1,0,0,0,0,0,0,1
https://rbfcu-star.azurewebsites.net/(S(pnb4lc42owfc2d4hyalr1mya))/Main/Login,https,1,77,28,41,0,2,5,0,1,0,0,6,1,0,0,1,3,0,1,1
http://www.rbx025k.blogspot.dk/,http,0,31,23,1,0,3,3,0,0,0,0,3,2,0,0,0,0,0,0,1
https://info.pro.ssiwishbuy.shop/login/,https,1,39,24,7,0,3,4,0,0,0,0,0,2,0,0,1,1,0,0,1
https://whats-vip.cc/,https,1,21,12,1,0,1,3,0,1,0,0,0,0,0,0,0,0,0,0,1
https://rbfcu-star.azurewebsites.net/(S(kpkae1slsom4kr4uguffwo0d))/Main/Login,https,1,77,28,41,0,2,5,0,1,0,0,4,1,0,0,1,3,0,0,1
https://steamconmunitly.com/activation=YeuaJjYEAE,https,1,49,19,22,0,1,3,0,0,0,1,0,0,0,0,0,1,0,0,1
https://rbfcu-star.azurewebsites.net/(S(chaicgwx51ra5vma4ezwtadg))/Main/Login,https,1,77,28,41,0,2,5,0,1,0,0,4,1,0,0,1,3,0,0,1
https://rbfcu-star.azurewebsites.net/(S(homq0n4blpor0z3smsgbyynh))/Main/Login,https,1,77,28,41,0,2,5,0,1,0,0,4,1,0,0,1,3,0,0,1
https://pandaswap-core.vercel.app/,https,1,34,25,1,0,2,3,0,1,0,0,0,1,0,0,0,0,0,0,1
https://discord-clone-five-hazel.vercel.app/,https,1,44,35,1,0,2,3,0,3,0,0,0,1,0,0,0,0,1,0,1
https://rbfcu-star.azurewebsites.net/(S(m1e1hlwdeafl04qxorha2tiv))/Main/Login,https,1,77,28,41,0,2,5,0,1,0,0,5,1,0,0,1,3,0,0,1
https://rbfcu-star.azurewebsites.net/(S(pcfqwepcflwjzthdnt4b1mtu))/Main/Login,https,1,77,28,41,0,2,5,0,1,0,0,2,1,0,0,1,3,0,0,1
https://rbfcu-star.azurewebsites.net/(S(jhrgzqqnwxdzfaupqwjx1mjw))/Main/Login,https,1,77,28,41,0,2,5,0,1,0,0,1,1,0,0,1,3,0,0,1
https://data-center-claim-customer.pages.dev/,https,1,45,36,1,0,2,3,0,3,0,0,0,1,0,0,0,0,1,0,1
https://psnaowrk.capilots.rnidwayrentafence.com/login,https,1,53,39,6,0,3,3,0,0,0,0,0,2,0,0,1,1,1,0,1
https://faccebook.com.vn/6yd9qtdsc0s?v,https,1,38,16,12,1,2,3,0,0,0,0,3,0,0,0,0,1,0,0,1
https://caixageral-proteger.com/login.php,https,1,41,23,10,0,2,3,0,1,0,0,0,0,0,0,1,1,0,0,1
https://rbfcu-star.azurewebsites.net/(S(0nxic0uvhlk33wtjtbz0oooz))/Main/Login,https,1,77,28,41,0,2,5,0,1,0,0,5,1,0,0,1,3,0,0,1
https://allegrolokalnie.pl-468354834585929243923411212-fast.click/?id=JIHiGMhf6Mcb4NF6dfNnKfi0kM7Dbo,https,1,100,57,1,33,2,3,0,2,0,1,32,1,0,0,0,0,1,1,1
https://store.workshopmodforge.com/sharedfiles/filesdetails/aug_poseidon/,https,1,73,26,39,0,2,6,0,0,1,0,0,1,0,0,0,3,0,0,1
https://rbfcu-star.azurewebsites.net/(S(ol4wqo3km14m2gt12o12cxcd))/Main/Login,https,1,77,28,41,0,2,5,0,1,0,0,9,1,0,0,1,3,0,1,1
https://www.rbx025k.blogspot.ru/,https,1,32,23,1,0,3,3,0,0,0,0,3,2,0,0,0,0,0,0,1
https://meta-krylon-sarthok-bryvek.pages.dev/,https,1,45,36,1,0,2,3,0,3,0,0,0,1,0,0,0,0,1,0,1
https://rbfcu-star.azurewebsites.net/(S(syk0nmxhtot1j0c1skt4btai))/Main/Login,https,1,77,28,41,0,2,5,0,1,0,0,5,1,0,0,1,3,0,0,1
https://rbfcu-star.azurewebsites.net/(S(sxpgrpdityxjhq5tbndwk1qh))/Main/Login,https,1,77,28,41,0,2,5,0,1,0,0,2,1,0,0,1,3,0,0,1
http://core-log-private-tracker.pages.dev/appeal_form,http,0,53,34,12,0,2,3,0,3,1,0,0,1,0,0,0,1,1,0,1
https://thedigitalnomadblog.com/wp-content/newwwaluzzyyyy.html,https,1,62,23,31,0,2,4,0,1,0,0,0,0,0,0,0,2,0,0,1
https://rbfcu-star.azurewebsites.net/(S(mml31odkirlfibc4avyul5po))/Main/Login,https,1,77,28,41,0,2,5,0,1,0,0,4,1,0,0,1,3,0,0,1
https://rbfcu-star.azurewebsites.net/(S(pcdj2cyipsljqxow0kfoo1hj))/Main/Login,https,1,77,28,41,0,2,5,0,1,0,0,3,1,0,0,1,3,0,0,1
http://edfdc0fa5e2ae6e3c6d7156f3b2ce00c.cdn.bubble.io/f1679644455398x630943732016925300/webmailf.html,http,0,101,46,48,0,4,4,0,0,0,0,45,2,0,0,0,2,1,1,1
https://rbfcu-star.azurewebsites.net/(S(lcsz05o2bdjubna4lzcpsbfj))/Main/Login,https,1,77,28,41,0,2,5,0,1,0,0,4,1,0,0,1,3,0,0,1
https://rbfcu-star.azurewebsites.net/(S(xn4ihqjwsltis41x15lodunq))/Main/Login,https,1,77,28,41,0,2,5,0,1,0,0,5,1,0,0,1,3,0,0,1
https://cyralon-haven.pages.dev/,https,1,32,23,1,0,2,3,0,1,0,0,0,1,0,0,0,0,0,0,1
https://store.workshopvisualhub.com/sharedfiles/filesdetails/blind_beast/,https,1,73,27,38,0,2,6,0,0,1,0,0,1,0,0,0,3,0,0,1
https://aquiverif-outoksmail2025.gamer.gd/,https,1,42,33,1,0,2,3,0,1,0,0,4,1,0,0,0,0,1,0,1
https://meta-horrin-kryvex-talrath.pages.dev/,https,1,45,36,1,0,2,3,0,3,0,0,0,1,0,0,0,0,1,0,1
https://fidelityworkplaceaw.shop/address/page.html,https,1,50,24,18,0,2,4,0,0,0,0,0,0,0,0,0,2,0,0,1
https://vpass-jp.ezjrg.cn/,https,1,26,17,1,0,2,3,0,1,0,0,0,1,0,0,0,0,0,0,1
https://mh63gmbh.de/cxm/,https,1,24,11,5,0,1,4,0,0,0,0,2,0,0,0,0,1,0,0,1
https://meta-axislab.pages.dev/,https,1,31,22,1,0,2,3,0,1,0,0,0,1,0,0,0,0,0,0,1
https://zestful-page-296980.framer.app/,https,1,39,30,1,0,2,3,0,2,0,0,6,1,0,0,0,0,0,1,1
https://guisc89.github.io/Pagina-Netflix/,https,1,41,17,16,0,2,4,0,1,0,0,2,1,0,0,0,1,0,0,1
https://rbfcu-star.azurewebsites.net/(S(ihoime0yxhgybtjtlduqnwa1))/Main/Login,https,1,77,28,41,0,2,5,0,1,0,0,2,1,0,0,1,3,0,0,1
https://cef.atualizacaocadastral.co.ua/,https,1,39,30,1,0,3,3,0,0,0,0,0,2,0,0,0,0,0,0,1
http://fideliltyasdcvice.click/plan/page.html,http,0,45,23,15,0,2,4,0,0,0,0,0,0,0,0,0,2,0,0,1
https://anshadnadampadi.github.io/Amazonclone/,https,1,46,25,13,0,2,4,0,0,0,0,0,1,0,0,0,1,0,0,1
https://fidelity-account.com/fidelity/otp.html,https,1,46,20,18,0,2,4,0,1,0,0,0,0,0,1,1,2,0,0,1
https://rbfcu-star.azurewebsites.net/(S(vguyvr24e2ehvelx1jnnqauu))/Main/Login,https,1,77,28,41,0,2,5,0,1,0,0,4,1,0,0,1,3,0,0,1
http://dotgovshortener.dotgov.uk/J-xcWDdCrq,http,0,43,25,11,0,2,3,0,1,0,0,0,1,0,0,0,1,0,0,1
http://rbx025k.blogspot.com.es/,http,0,31,23,1,0,3,3,0,0,0,0,3,1,0,1,0,0,0,0,1
https://rbfcu-star.azurewebsites.net/(S(1oo3qrq1s3ftkxf3rv3jpktr))/Main/Login,https,1,77,28,41,0,2,5,0,1,0,0,6,1,0,0,1,3,0,1,1
https://rbfcu-star.azurewebsites.net/(S(jj10mvqqeomw2btwj1ymnrri))/Main/Login,https,1,77,28,41,0,2,5,0,1,0,0,4,1,0,0,1,3,0,0,1
https://data-center-messaging-assessment.pages.dev/,https,1,51,42,1,0,2,3,0,3,0,0,0,1,0,0,0,0,1,0,1
https://rbfcu-star.azurewebsites.net/(S(jpbs0lvsgw0ub4ltv4v3ydgr))/Main/Login,https,1,77,28,41,0,2,5,0,1,0,0,5,1,0,0,1,3,0,0,1
https://aurumtrans.com/main/access.html,https,1,39,14,17,0,2,4,0,0,0,0,0,0,0,0,0,2,0,0,1
https://www.filesusr.com/html/c1e166_5e8d2026eb806bf9c7db7b3bf8f208b4.html?EncuestaEstresAca*YWFsZXphYWFuYWxsZWx5MDVAaG90bWFpbC5jb20=*https://www.surveymonkey.com/r/R7NNGGQ**Instagram*TWF0YXRyb2xlczUwMDE=*YWFsZXphYWFuYWxsZWx5MDVAaG90bWFpbC5jb20=,https,1,245,16,50,170,5,8,0,0,1,3,37,1,0,0,0,2,0,1,1
https://rbfcu-star.azurewebsites.net/(S(5uu1odfzxlug0acp0nsmjpz0))/Main/Login,https,1,77,28,41,0,2,5,0,1,0,0,5,1,0,0,1,3,0,0,1
http://store.workshopmodforge.com/,http,0,34,26,1,0,2,3,0,0,0,0,0,1,0,0,0,0,0,0,1
https://meta-fyrnax-brakov-darvyn.pages.dev/,https,1,44,35,1,0,2,3,0,3,0,0,0,1,0,0,0,0,1,0,1
https://rbfcu-star.azurewebsites.net/(S(rrh55bt0ggqgh4gfwvmmx3sb))/Main/Login,https,1,77,28,41,0,2,5,0,1,0,0,5,1,0,0,1,3,0,0,1
https://rbfcu-star.azurewebsites.net/(S(dyeskogrlrlyev3qxqzqecvs))/Main/Login,https,1,77,28,41,0,2,5,0,1,0,0,1,1,0,0,1,3,0,0,1
https://rbfcu-star.azurewebsites.net/(S(uu1m5e4w1sohkvc0kq3ltnpq))/Main/Login,https,1,77,28,41,0,2,5,0,1,0,0,6,1,0,0,1,3,0,1,1
https://rbfcu-star.azurewebsites.net/(S(vyl1stzqmdjecd5jygneiuou))/Main/Login,https,1,77,28,41,0,2,5,0,1,0,0,2,1,0,0,1,3,0,0,1
https://rbfcu-star.azurewebsites.net/(S(e20ijcwi3iqnfsux3rkfmn30))/Main/Login,https,1,77,28,41,0,2,5,0,1,0,0,6,1,0,0,1,3,0,1,1
https://vdbjpmeaqqjzpwxfflbjfmeykyxvcfgmhjbad.blogspot.com/,https,1,59,50,1,0,2,3,0,0,0,0,0,1,0,1,0,0,1,0,1
https://rbfcu-star.azurewebsites.net/(S(3ptubra00mjcr4p2sv5qehmt))/Main/Login,https,1,77,28,41,0,2,5,0,1,0,0,6,1,0,0,1,3,0,1,1
https://rbfcu-star.azurewebsites.net/(S(brqcvabgkof2lgmla5emzgvw))/Main/Login,https,1,77,28,41,0,2,5,0,1,0,0,2,1,0,0,1,3,0,0,1
https://rbfcu-star.azurewebsites.net/(S(lrl4tvpgocete3lm5x1dz2y2))/Main/Login,https,1,77,28,41,0,2,5,0,1,0,0,6,1,0,0,1,3,0,1,1
https://thajskemasaze-thailanna.sk/wp-content/jztlkd/serijq/home/virtual/rosyorange/www/tls/xd/zd/clients/login.php,https,1,115,26,81,0,2,14,0,2,0,0,0,0,0,0,1,12,0,0,1
https://durgesh25052109.github.io/netflix/,https,1,42,25,9,0,2,4,0,0,0,0,8,1,0,0,0,1,0,1,1
https://release.support-agency-8203172039.com/,https,1,46,37,1,0,2,3,0,2,0,0,10,1,0,0,0,0,1,1,1
https://rbfcu-star.azurewebsites.net/(S(ey4benhtqxxaubfdlpuyvz0p))/Main/Login,https,1,77,28,41,0,2,5,0,1,0,0,2,1,0,0,1,3,0,0,1
http://www.vdbjpmeaqqjzpwxfflbjfmeykyxvcfgmhjbad.blogspot.com/,http,0,62,54,1,0,3,3,0,0,0,0,0,2,0,1,0,0,1,0,1
https://fidelitydigiltaq.icu/plan/,https,1,34,20,6,0,1,4,0,0,0,0,0,0,0,0,0,1,0,0,1
https://rbfcu-star.azurewebsites.net/(S(sws5muqojpuqnrle01g5idyq))/Main/Login,https,1,77,28,41,0,2,5,0,1,0,0,4,1,0,0,1,3,0,0,1
https://rbfcu-star.azurewebsites.net/(S(4ga34wzay05liudshkc0s0wi))/Main/Login,https,1,77,28,41,0,2,5,0,1,0,0,7,1,0,0,1,3,0,1,1
http://amber-trail.pages.dev/,http,0,29,21,1,0,2,3,0,1,0,0,0,1,0,0,0,0,0,0,1
http://gemuniloogin.webflow.io/,http,0,31,23,1,0,2,3,0,0,0,0,0,1,0,0,0,0,0,0,1
https://rbfcu-star.azurewebsites.net/(S(qfi5i0ctax1qydrdder122r4))/Main/Login,https,1,77,28,41,0,2,5,0,1,0,0,7,1,0,0,1,3,0,1,1
https://www.services-instagram.com/,https,1,35,26,1,0,2,3,0,1,0,0,0,1,0,0,0,0,0,0,1
https://rbfcu-star.azurewebsites.net/(S(uo1dt2pdrp1m5lotzglcufch))/Main/Login,https,1,77,28,41,0,2,5,0,1,0,0,4,1,0,0,1,3,0,0,1
https://rbfcu-star.azurewebsites.net/(S(mky1b1lslnoiiqifcau1llms))/Main/Login,https,1,77,28,41,0,2,5,0,1,0,0,3,1,0,0,1,3,0,0,1
https://uniswap-v2.vercel.app/,https,1,30,21,1,0,2,3,0,1,0,0,1,1,0,0,0,0,0,0,1
https://rbfcu-star.azurewebsites.net/(S(zdgl2wkwyihqop23a0nydpcv))/Main/Login,https,1,77,28,41,0,2,5,0,1,0,0,4,1,0,0,1,3,0,0,1
https://id-app-isoporte.com/icloud-archivos/code2022esp.php/,https,1,60,19,33,0,2,5,0,3,0,0,4,0,0,0,0,2,0,0,1
https://faithful-founders-188698.framer.app/,https,1,44,35,1,0,2,3,0,2,0,0,6,1,0,0,0,0,1,1,1
https://segurity-msn-adviser.iceiy.com/?i=1,https,1,43,30,1,3,2,3,0,2,0,1,1,1,0,0,0,0,0,0,1
https://www.uniswap-v2.vercel.app/,https,1,34,25,1,0,3,3,0,1,0,0,1,2,0,0,0,0,0,0,1
https://sodium.twilightparadox.com/security-check/signin?verify=cr51_57721,https,1,74,26,22,17,2,4,0,1,1,1,7,1,0,0,1,2,0,1,1
https://www.ledgerapp.cc/,https,1,25,16,1,0,2,3,0,0,0,0,0,1,0,0,0,0,0,0,1
https://meta-sylnok-borvak-hyrral.pages.dev/,https,1,44,35,1,0,2,3,0,3,0,0,0,1,0,0,0,0,1,0,1
https://iozawqcz.capilots.rnidwayrentafence.com/common/oauth2/v2.0/authorize?client_id=4765445b-32c6-49b0-83e6-1d93765276ca&redirect_uri=https%3A%2F%2Fwww.office.com%2Flandingv2&response_type=code%20id_token&scope=openid%20profile%20https%3A%2F%2Fwww.office.com%2Fv2%2FOfficeHome.All&response_mode=form_post&nonce=638990141545590102.MDZhMDJjYzMtNjM0Yi00ZjU1LWE1NDMtMWE1YzdiYjQ0ODhkMzE4NmVjNWQtZjZjNS00MzVmLWEyOTgtMGFiZDIwOTcxOTAx&ui_locales=en-US&mkt=en-US&client-request-id=1b569fbe-ab6b-4b5e-a07c-33769a0d2577&state=E18dN7RiCGjradu7DAH1JpCkVIpv_j3iHVi3BC88RLVJfuREEAo2T608iZMyvQTua9l3yBopRfmIN3GVwBPHH9KXPLghhfoFOz4xzOaU5xpS-fsGgR2xWbrkxeJh8GxN9XwNpvA9hUAzXfcT3DlsEm9kaltx5tS-qIGlkNpW4UMsH3aYY2liJeiQEOjuZisx2MpP64a70dUWHiKBjQM3d46FnNXHLFV0j3IhTgCrUBgMdArjCgh8rvhT1RGF8egaCZ_QBVDhGjYE20JYiKRYWW7g8zcpitiCjV19cROXmMo&x-client-SKU=ID_NET8_0&x-client-ver=8.5.0.0,https,1,861,39,29,784,13,6,0,18,11,12,146,2,0,0,0,4,1,1,1
https://rbfcu-star.azurewebsites.net/(S(1izw2cphsbh5mwlkescavozc))/Main/Login,https,1,77,28,41,0,2,5,0,1,0,0,3,1,0,0,1,3,0,0,1
https://rbfcu-star.azurewebsites.net/(S(n2jgy55cw0piggiqnvrnpw4f))/Main/Login,https,1,77,28,41,0,2,5,0,1,0,0,5,1,0,0,1,3,0,0,1
https://ymsox.com/,https,1,18,9,1,0,1,3,0,0,0,0,0,0,0,0,0,0,0,0,1
http://dpd-ptszrc.cfd/,http,0,22,14,1,0,1,3,0,1,0,0,0,0,0,0,0,0,0,0,1
https://rbfcu-star.azurewebsites.net/(S(52y4ukx1nwisz3l3vyw0cag3))/Main/Login,https,1,77,28,41,0,2,5,0,1,0,0,8,1,0,0,1,3,0,1,1
https://rbfcu-star.azurewebsites.net/(S(oq1obijopacjc3sxuzqvp3ns))/Main/Login,https,1,77,28,41,0,2,5,0,1,0,0,3,1,0,0,1,3,0,0,1
https://rbfcu-star.azurewebsites.net/(S(vuhsboztfvurpgv1xji0gcjb))/Main/Login,https,1,77,28,41,0,2,5,0,1,0,0,2,1,0,0,1,3,0,0,1
https://rbfcu-star.azurewebsites.net/(S(jlcltoyntb0htzzxzvacdjlf))/Main/Login,https,1,77,28,41,0,2,5,0,1,0,0,1,1,0,0,1,3,0,0,1
https://rbfcu-star.azurewebsites.net/(S(bf0f1vxfr41x3ykvzqntn25f))/Main/Login,https,1,77,28,41,0,2,5,0,1,0,0,7,1,0,0,1,3,0,1,1
http://sdaind.top/,http,0,18,10,1,0,1,3,0,0,0,0,0,0,0,0,0,0,0,0,1
https://rbfcu-star.azurewebsites.net/(S(fk1y1ijmjnpayg1tdzjgah4k))/Main/Login,https,1,77,28,41,0,2,5,0,1,0,0,4,1,0,0,1,3,0,0,1
https://rbfcu-star.azurewebsites.net/(S(2evx011rqryebb3zmvrioaif))/Main/Login,https,1,77,28,41,0,2,5,0,1,0,0,5,1,0,0,1,3,0,0,1
https://rbfcu-star.azurewebsites.net/(S(lvmflgsk4thjclxgy4kiomsx))/Main/Login,https,1,77,28,41,0,2,5,0,1,0,0,2,1,0,0,1,3,0,0,1
http://tesrrrsfg.pages.dev/,http,0,27,19,1,0,2,3,0,0,0,0,0,1,0,0,0,0,0,0,1
https://rbfcu-star.azurewebsites.net/(S(qn5tpc4drqkn0234n4gt03xh))/Main/Login,https,1,77,28,41,0,2,5,0,1,0,0,9,1,0,0,1,3,0,1,1
https://rbfcu-star.azurewebsites.net/(S(midne23ed4am510gu3p24zb2))/Main/Login,https,1,77,28,41,0,2,5,0,1,0,0,10,1,0,0,1,3,0,1,1
https://meta-zavrok-fyrath-belnar.pages.dev/,https,1,44,35,1,0,2,3,0,3,0,0,0,1,0,0,0,0,1,0,1
https://rbfcu-star.azurewebsites.net/(S(5ahj4piyw2rketjkqcsip33c))/Main/Login,https,1,77,28,41,0,2,5,0,1,0,0,5,1,0,0,1,3,0,0,1
http://dojoker2.duckdns.org/,http,0,28,20,1,0,2,3,0,0,0,0,1,1,0,0,0,0,0,0,1
https://fidelity-account.com/fidelity/login.html,https,1,48,20,20,0,2,4,0,1,0,0,0,0,0,1,1,2,0,0,1
https://rbfcu-star.azurewebsites.net/(S(aelblp2ah52xksxbntq3wpvv))/Main/Login,https,1,77,28,41,0,2,5,0,1,0,0,4,1,0,0,1,3,0,0,1
http://www.workshopmodforge.com/,http,0,32,24,1,0,2,3,0,0,0,0,0,1,0,0,0,0,0,0,1
http://www.flow.page/ijhu7gyhj/,http,0,31,13,11,0,2,4,0,0,0,0,1,1,0,0,0,1,0,0,1
https://hotelreservationverify.com/225493573017,https,1,47,26,13,0,1,3,0,0,0,0,12,0,0,0,1,1,0,1,1
https://rbfcu-star.azurewebsites.net/(S(2fxxmqonvrt5epzih3xlj5if))/Main/Login,https,1,77,28,41,0,2,5,0,1,0,0,4,1,0,0,1,3,0,0,1
https://rbfcu-star.azurewebsites.net/(S(ulegbpnxkdbppglkfuqb45ej))/Main/Login,https,1,77,28,41,0,2,5,0,1,0,0,2,1,0,0,1,3,0,0,1
https://instagram-clone-topaz-two.vercel.app/,https,1,45,36,1,0,2,3,0,3,0,0,0,1,0,0,0,0,1,0,1
https://rbfcu-star.azurewebsites.net/(S(ufm2n2v3l0suvdkdushtlv5r))/Main/Login,https,1,77,28,41,0,2,5,0,1,0,0,5,1,0,0,1,3,0,0,1
https://toesetaocioa.com/page/login.html,https,1,40,16,16,0,2,4,0,0,0,0,0,0,0,0,1,2,0,0,1
https://rbfcu-star.azurewebsites.net/(S(sbjacrewomu5zh4jzy01y4d0))/Main/Login,https,1,77,28,41,0,2,5,0,1,0,0,6,1,0,0,1,3,0,1,1
http://bafybeibi3azpv4l5jnrkaudilpvkqxjtdhpateq642uaous4mckedowr3u.ipfs.dweb.link/,http,0,82,74,1,0,3,3,0,0,0,0,8,2,0,0,0,0,1,1,1
https://mh63gmbh.de/xhdh/,https,1,25,11,6,0,1,4,0,0,0,0,2,0,0,0,0,1,0,0,1
http://dpd-ptszrz.cfd/,http,0,22,14,1,0,1,3,0,1,0,0,0,0,0,0,0,0,0,0,1
https://alkjglkr.top/,https,1,21,12,1,0,1,3,0,0,0,0,0,0,0,0,0,0,0,0,1
https://rbfcu-star.azurewebsites.net/(S(s5ieyjljqku1pd0h40qbx5ai))/Main/Login,https,1,77,28,41,0,2,5,0,1,0,0,6,1,0,0,1,3,0,1,1
https://argovts.com/jvkxnzy/xmo/lamp.html,https,1,41,11,22,0,2,5,0,0,0,0,0,0,0,0,0,3,0,0,1
https://rbfcu-star.azurewebsites.net/(S(tikrlhj44n3vutnemz0oajii))/Main/Login,https,1,77,28,41,0,2,5,0,1,0,0,4,1,0,0,1,3,0,0,1
https://tiquetesibaratos.click/latam/,https,1,37,22,7,0,1,4,0,0,0,0,0,0,0,0,0,1,0,0,1
http://booking.truth-verif8990134.com/5AVQQOIP/,http,0,47,30,10,0,2,4,0,1,0,0,8,1,0,0,0,1,0,1,1
https://rbfcu-star.azurewebsites.net/(S(rnhue0sfaa4ljetbghm1iawn))/Main/Login,https,1,77,28,41,0,2,5,0,1,0,0,3,1,0,0,1,3,0,0,1
https://rbfcu-star.azurewebsites.net/(S(om51bclg4ktbdhx5m2qhwfyz))/Main/Login,https,1,77,28,41,0,2,5,0,1,0,0,5,1,0,0,1,3,0,0,1
https://rbfcu-star.azurewebsites.net/(S(kntaikd3iyg2gozsqum4523n))/Main/Login,https,1,77,28,41,0,2,5,0,1,0,0,6,1,0,0,1,3,0,1,1
https://rbfcu-star.azurewebsites.net/(S(w3gubdytnapvof3lqzqjwe2u))/Main/Login,https,1,77,28,41,0,2,5,0,1,0,0,3,1,0,0,1,3,0,0,1
https://rbfcu-star.azurewebsites.net/(S(2xwyt02rxxcaclci1bxvx5pb))/Main/Login,https,1,77,28,41,0,2,5,0,1,0,0,5,1,0,0,1,3,0,0,1
https://rbfcu-star.azurewebsites.net/(S(twafy1lcrn1kd4q3ng2iklwe))/Main/Login,https,1,77,28,41,0,2,5,0,1,0,0,5,1,0,0,1,3,0,0,1
http://telia-network.tempurl.host/AD3/Audi2/core,http,0,48,26,15,0,2,5,0,1,0,0,2,1,0,0,0,3,0,0,1
https://aayanxkhan.github.io/Netflix-clone/,https,1,43,20,15,0,2,4,0,1,0,0,0,1,0,0,0,1,0,0,1
https://rbfcu-star.azurewebsites.net/(S(vd03ltddxfgpiv0bttn5h1ph))/Main/Login,https,1,77,28,41,0,2,5,0,1,0,0,5,1,0,0,1,3,0,0,1
https://disposervicecomprob.gt.tc/,https,1,34,25,1,0,2,3,0,0,0,0,0,1,0,0,0,0,0,0,1
https://sarahnielson.com/wp-admin/js/widgets/Anmelden/auth/login.php/,https,1,69,16,45,0,2,9,0,1,0,0,0,0,0,0,1,6,0,0,1
http://meta-havrox-morzen-varkol.pages.dev/,http,0,43,35,1,0,2,3,0,3,0,0,0,1,0,0,0,0,1,0,1
https://rbfcu-star.azurewebsites.net/(S(p3iex51uhwkluaest1qur4tz))/Main/Login,https,1,77,28,41,0,2,5,0,1,0,0,5,1,0,0,1,3,0,0,1
https://vpass-jp.idymj.cn/,https,1,26,17,1,0,2,3,0,1,0,0,0,1,0,0,0,0,0,0,1
https://rbfcu-star.azurewebsites.net/(S(gjs522wxwvtopgjlt0piby3o))/Main/Login,https,1,77,28,41,0,2,5,0,1,0,0,5,1,0,0,1,3,0,0,1
https://meta-kelvrax-sythor-morvex.pages.dev/,https,1,45,36,1,0,2,3,0,3,0,0,0,1,0,0,0,0,1,0,1
http://astra-nucleus.pages.dev/,http,0,31,23,1,0,2,3,0,1,0,0,0,1,0,0,0,0,0,0,1
https://rbfcu-star.azurewebsites.net/(S(afytgimvq4peawmvikyqijtk))/Main/Login,https,1,77,28,41,0,2,5,0,1,0,0,1,1,0,0,1,3,0,0,1
http://fideliltyadvice.shop/plan,http,0,32,20,5,0,1,3,0,0,0,0,0,0,0,0,0,1,0,0,1
https://meta-nervixon.pages.dev/,https,1,32,23,1,0,2,3,0,1,0,0,0,1,0,0,0,0,0,0,1
https://rbfcu-star.azurewebsites.net/(S(voxfldyaqle5evpofbdv0vd5))/Main/Login,https,1,77,28,41,0,2,5,0,1,0,0,3,1,0,0,1,3,0,0,1
https://post.purchase108.com/,https,1,29,20,1,0,2,3,0,0,0,0,3,1,0,0,0,0,0,0,1
https://rbfcu-star.azurewebsites.net/(S(nafzrgv4s0tvx120xeann1ru))/Main/Login,https,1,77,28,41,0,2,5,0,1,0,0,6,1,0,0,1,3,0,1,1
https://365756yh.com/,https,1,21,12,1,0,1,3,0,0,0,0,6,0,0,0,0,0,0,1,1
http://campaign-monitoring-tracker-hub.pages.dev/welcome_to_meta_for_business,http,0,77,41,29,0,2,3,0,3,4,0,0,1,0,0,0,1,1,0,1
https://rbfcu-star.azurewebsites.net/(S(ebe3554squ00gob4fgte4raq))/Main/Login,https,1,77,28,41,0,2,5,0,1,0,0,8,1,0,0,1,3,0,1,1
https://usersignup.agency-partner-register.com/,https,1,47,38,1,0,2,3,0,2,0,0,0,1,0,0,0,0,1,0,1
https://rbfcu-star.azurewebsites.net/(S(d4okuwnkc0t1pszh2rlnfyo0))/Main/Login,https,1,77,28,41,0,2,5,0,1,0,0,5,1,0,0,1,3,0,0,1
https://rbfcu-star.azurewebsites.net/(S(upzzi4iy3drqcba1v4t0racd))/Main/Login,https,1,77,28,41,0,2,5,0,1,0,0,5,1,0,0,1,3,0,0,1
https://rbfcu-star.azurewebsites.net/(S(oy5gbxw11oth0hpmvoxfqusl))/Main/Login,https,1,77,28,41,0,2,5,0,1,0,0,4,1,0,0,1,3,0,0,1
http://meta-senlok-morvix-darnath.pages.dev/,http,0,44,36,1,0,2,3,0,3,0,0,0,1,0,0,0,0,1,0,1
http://campaign-tracking-reporting-hub.pages.dev/welcome_to_meta_for_business,http,0,77,41,29,0,2,3,0,3,4,0,0,1,0,0,0,1,1,0,1
https://rbfcu-star.azurewebsites.net/(S(2qm351cmsnjmbnyxddfjhllk))/Main/Login,https,1,77,28,41,0,2,5,0,1,0,0,4,1,0,0,1,3,0,0,1
https://rbfcu-star.azurewebsites.net/(S(322um5j2zvmxcaccwg01jwkk))/Main/Login,https,1,77,28,41,0,2,5,0,1,0,0,7,1,0,0,1,3,0,1,1
https://secure-validate.labhvishalgroup.com/safe2click/challenge/,https,1,65,35,22,0,2,5,0,1,0,0,1,1,0,0,1,2,1,0,1
https://data-center-assessment-messenger.pages.dev/,https,1,51,42,1,0,2,3,0,3,0,0,0,1,0,0,0,0,1,0,1
https://rbfcu-star.azurewebsites.net/(S(mpoxligxtiv3sg41mj0rawry))/Main/Login,https,1,77,28,41,0,2,5,0,1,0,0,4,1,0,0,1,3,0,0,1
https://dtautogroup.sbs/,https,1,24,15,1,0,1,3,0,0,0,0,0,0,0,0,0,0,0,0,1
http://userverificationcenterportal.com/-1003119384972246,http,0,57,32,18,0,1,3,0,1,0,0,16,0,0,0,0,1,1,1,1
https://rbfcu-star.azurewebsites.net/(S(ocqy3bwh2cgy2qwdwftx4gze))/Main/Login,https,1,77,28,41,0,2,5,0,1,0,0,4,1,0,0,1,3,0,0,1
http://shardmesh-tracklink.pages.dev/welcome_to_meta_for_business,http,0,65,29,29,0,2,3,0,1,4,0,0,1,0,0,0,1,0,0,1
https://5om.waadwaastsapp.top/,https,1,30,21,1,0,2,3,0,0,0,0,1,1,0,0,0,0,0,0,1
https://data-center-suspension-disablement.pages.dev/,https,1,53,44,1,0,2,3,0,3,0,0,0,1,0,0,0,0,1,0,1
https://data-center-harassment-standard.pages.dev/,https,1,50,41,1,0,2,3,0,3,0,0,0,1,0,0,0,0,1,0,1
https://Label,https,1,13,5,0,0,0,2,0,0,0,0,0,0,0,0,0,0,0,0,0
https://meta-arvixel.pages.dev/,https,1,31,22,1,0,2,3,0,1,0,0,0,1,0,0,0,0,0,0,1
https://meta-gorvak-zythor-malven.pages.dev/,https,1,44,35,1,0,2,3,0,3,0,0,0,1,0,0,0,0,1,0,1
https://rbfcu-star.azurewebsites.net/(S(vpzkaqpynb25xgrrz0me3oat))/Main/Login,https,1,77,28,41,0,2,5,0,1,0,0,4,1,0,0,1,3,0,0,1
https://userprofile.agency-partner-register.com/,https,1,48,39,1,0,2,3,0,2,0,0,0,1,0,0,0,0,1,0,1
https://rbfcu-star.azurewebsites.net/(S(twuwepl04znv220s1lsg4tnh))/Main/Login,https,1,77,28,41,0,2,5,0,1,0,0,7,1,0,0,1,3,0,1,1
https://noticiasbrasil.shop/airfryer/,https,1,37,19,10,0,1,4,0,0,0,0,0,0,0,0,0,1,0,0,1
https://rbfcu-star.azurewebsites.net/(S(nl1fb4134o2jr1gsadcco3dc))/Main/Login,https,1,77,28,41,0,2,5,0,1,0,0,8,1,0,0,1,3,0,1,1
http://f1169862.xsph.ru/,http,0,24,16,1,0,2,3,0,0,0,0,7,1,0,0,0,0,0,1,1
https://alkjglkr.cc/,https,1,20,11,1,0,1,3,0,0,0,0,0,0,0,0,0,0,0,0,1
https://notifyhubss.net/435c9825bu864a4ac1lb6f24a0al0850ba93.html,https,1,65,15,42,0,2,3,0,0,0,0,22,0,0,0,0,1,0,1,1
http://meta-note.pages.dev/,http,0,27,19,1,0,2,3,0,1,0,0,0,1,0,0,0,0,0,0,1
http://fideliltyadvice.shop/plan/page.html,http,0,42,20,15,0,2,4,0,0,0,0,0,0,0,0,0,2,0,0,1
https://uplholdlogin.gitbook.io/,https,1,32,23,1,0,2,3,0,0,0,0,0,1,0,0,1,0,0,0,1
https://metamaskelogwiniutye.webflow.io/,https,1,40,31,1,0,2,3,0,0,0,0,0,1,0,0,0,0,1,0,1
https://secure.capilots.rnidwayrentafence.com/f/mljgKKd8M4iSGuiVe3E0,https,1,68,37,23,0,3,4,0,0,0,0,4,2,0,0,1,2,1,0,1
https://rbfcu-star.azurewebsites.net/(S(brlvqpbpze4bgdazsedyi0o5))/Main/Login,https,1,77,28,41,0,2,5,0,1,0,0,3,1,0,0,1,3,0,0,1
https://rbfcu-star.azurewebsites.net/(S(1hmlj35jysistohh2pce4sk4))/Main/Login,https,1,77,28,41,0,2,5,0,1,0,0,6,1,0,0,1,3,0,1,1
http://turismocuatro.com/catedrales-mas-grandes-del-mundo,http,0,57,17,33,0,1,3,0,4,0,0,0,0,0,0,0,1,0,0,1
https://good,https,1,12,4,0,0,0,2,0,0,0,0,0,0,0,0,0,0,0,0,0
http://astra-range.pages.dev/,http,0,29,21,1,0,2,3,0,1,0,0,0,1,0,0,0,0,0,0,1
https://us-exdusweblogin.pages.dev/,https,1,35,26,1,0,2,3,0,1,0,0,0,1,0,0,1,0,0,0,1
https://rbfcu-star.azurewebsites.net/(S(35cpbpkz5klgsqy1bh1vkclp))/Main/Login,https,1,77,28,41,0,2,5,0,1,0,0,5,1,0,0,1,3,0,0,1
https://fidelitydigiltaq.icu/plan/page.html,https,1,43,20,15,0,2,4,0,0,0,0,0,0,0,0,0,2,0,0,1
https://vpass-jp.pwjho.cn/,https,1,26,17,1,0,2,3,0,1,0,0,0,1,0,0,0,0,0,0,1
https://b82cd36b-0655-4db7-831c-ecc9395c47fc-00-22erhkkddlebh.worf.replit.dev/,https,1,78,69,1,0,3,3,0,6,0,0,23,2,0,0,0,0,1,1,1
